{
  "engine": {
    "time_in_cycles": {
      "min": 1.0,
      "mean": 108.80786195530997,
      "max": 362.0
    },
    "op_setting_1": {
      "min": -0.0087,
      "mean": -8.87014686636615e-06,
      "max": 0.0087
    },
    "op_setting_2": {
      "min": -0.0006,
      "mean": 2.3508312733265476e-06,
      "max": 0.0006
    },
    "op_setting_3": {
      "min": 100.0,
      "mean": 100.0,
      "max": 100.0
    },
    "sensor_1": {
      "min": 518.67,
      "mean": 518.67,
      "max": 518.67
    },
    "sensor_2": {
      "min": 641.21,
      "mean": 642.6809335466046,
      "max": 644.53
    },
    "sensor_3": {
      "min": 1571.04,
      "mean": 1590.5231186079204,
      "max": 1616.91
    },
    "sensor_4": {
      "min": 1382.25,
      "mean": 1408.9337816877514,
      "max": 1441.49
    },
    "sensor_5": {
      "min": 14.62,
      "mean": 14.620000000000001,
      "max": 14.62
    },
    "sensor_6": {
      "min": 21.6,
      "mean": 21.60980320876352,
      "max": 21.61
    },
    "sensor_7": {
      "min": 549.85,
      "mean": 553.367711211284,
      "max": 556.06
    },
    "sensor_8": {
      "min": 2387.9,
      "mean": 2388.0966516407348,
      "max": 2388.56
    },
    "sensor_9": {
      "min": 9021.73,
      "mean": 9065.242940720276,
      "max": 9244.59
    },
    "sensor_10": {
      "min": 1.3,
      "mean": 1.3,
      "max": 1.3
    },
    "sensor_11": {
      "min": 46.85,
      "mean": 47.54116814502448,
      "max": 48.53
    },
    "sensor_12": {
      "min": 518.69,
      "mean": 521.4134700208425,
      "max": 523.38
    },
    "sensor_13": {
      "min": 2387.88,
      "mean": 2388.0961523920314,
      "max": 2388.56
    },
    "sensor_14": {
      "min": 8099.94,
      "mean": 8143.752722117202,
      "max": 8293.72
    },
    "sensor_15": {
      "min": 8.3249,
      "mean": 8.44214558189133,
      "max": 8.5848
    },
    "sensor_16": {
      "min": 0.03,
      "mean": 0.030000000000000013,
      "max": 0.03
    },
    "sensor_17": {
      "min": 388.0,
      "mean": 393.2106538703892,
      "max": 400.0
    },
    "sensor_18": {
      "min": 2388.0,
      "mean": 2388.0,
      "max": 2388.0
    },
    "sensor_19": {
      "min": 100.0,
      "mean": 100.0,
      "max": 100.0
    },
    "sensor_20": {
      "min": 38.14,
      "mean": 38.816270660656286,
      "max": 39.43
    },
    "sensor_21": {
      "min": 22.8942,
      "mean": 23.289705360864716,
      "max": 23.6184
    }
  },
  "hyd": {
    "CE_mean": 31.299077127739988,
    "CE_std": 0.28732525666779024,
    "CE_min": 30.78566485260771,
    "CE_max": 31.880312471655326,
    "CP_mean": 1.8083985034013605,
    "CP_std": 0.022692095976983653,
    "CP_min": 1.7690920634920635,
    "CP_max": 1.855767800453515,
    "EPS1_mean": 2495.5092025548306,
    "EPS1_std": 203.48950061463617,
    "EPS1_min": 2267.7179138321994,
    "EPS1_max": 2900.794920634921,
    "FS1_mean": 6.198549362055934,
    "FS1_std": 3.0400769038534086,
    "FS1_min": 4.53514739229025e-07,
    "FS1_max": 20.130214058956913,
    "FS2_mean": 9.649453040816326,
    "FS2_std": 0.017161318116832865,
    "FS2_min": 9.597173696145125,
    "FS2_max": 9.703951927437641,
    "PS1_mean": 160.4853146591082,
    "PS1_std": 15.296218934236217,
    "PS1_min": 143.47286621315195,
    "PS1_max": 190.904693877551,
    "PS2_mean": 109.3799062444446,
    "PS2_std": 47.736161724988676,
    "PS2_max": 166.52051700680272,
    "PS3_mean": 1.7532274975812516,
    "PS3_std": 0.8993361051091903,
    "PS3_max": 10.410175963718821,
    "PS4_mean": 2.6002659578987206,
    "PS4_std": 0.11073601620667023,
    "PS4_min": 2.475427210884354,
    "PS4_max": 3.1724462585034017,
    "PS5_mean": 9.163320086545722,
    "PS5_std": 0.0222529645312997,
    "PS5_min": 9.103271655328799,
    "PS5_max": 9.217759637188209,
    "PS6_mean": 9.07936275071805,
    "PS6_std": 0.02245055428066092,
    "PS6_min": 9.017797278911566,
    "PS6_max": 9.134721541950114,
    "SE_mean": 55.2878996069539,
    "SE_std": 24.153096251136578,
    "SE_max": 79.92636689342403,
    "TS1_mean": 45.4245667271353,
    "TS1_std": 0.19294987655549026,
    "TS1_min": 44.997171428571434,
    "TS1_max": 45.661345124716554,
    "TS2_mean": 50.36597854119426,
    "TS2_std": 0.1142693593958429,
    "TS2_min": 50.157974149659864,
    "TS2_max": 50.53455510204081,
    "TS3_mean": 47.66212148148148,
    "TS3_std": 0.07259663556281042,
    "TS3_min": 47.557367346938776,
    "TS3_max": 47.80783990929705,
    "TS4_mean": 40.73565407407407,
    "TS4_std": 0.04352992373926777,
    "TS4_min": 40.648777777777774,
    "TS4_max": 40.81131473922902,
    "VS1_mean": 0.6133153439153439,
    "VS1_std": 0.042998667747055144,
    "VS1_min": 0.5559206349206348,
    "VS1_max": 0.7258639455782314
  },
  "lg": {
    "load_during_landing": {
      "min": 201.38960690138086,
      "mean": 347.0769659960401,
      "max": 499.91530198583916
    },
    "tire_pressure": {
      "min": 150.32182636042788,
      "mean": 200.70173051792037,
      "max": 249.94137257706666
    },
    "speed_during_landing": {
      "min": 100.00232695107323,
      "mean": 200.48114522071796,
      "max": 299.56417113639566
    }
  }
}